<?xml version="1.0" encoding="utf-8" ?>
<dwsync>
<file name="details.php" server="kristabice.com//public_html/DGM3760/" local="131523251452646435" remote="131548163400000000" Dst="1" />
<file name="header.php" server="kristabice.com//public_html/DGM3760/" local="131549152094854107" remote="131549187600000000" Dst="1" />
<file name="variables.php" server="kristabice.com//public_html/DGM3760/" local="131550933761576669" remote="131550971400000000" Dst="1" />
<file name="footer.php" server="kristabice.com//public_html/DGM3760/" local="131523100011547016" remote="131548163400000000" Dst="1" />
<file name="index.php" server="kristabice.com//public_html/DGM3760/" local="131549155679212463" remote="131549191200000000" Dst="1" />
<file name="add.php" server="kristabice.com//public_html/DGM3760/" local="131549439862534071" remote="131549475600000000" Dst="1" />
<file name="submit.php" server="kristabice.com//public_html/DGM3760/" local="131548203314007848" remote="131548239000000000" Dst="1" />
<file name="login.php" server="kristabice.com//public_html/DGM3760/" local="131550939020870604" remote="131550975000000000" Dst="1" />
<file name="nav.php" server="kristabice.com//public_html/DGM3760/" local="131549416119859581" remote="131549452200000000" Dst="1" />
<file name="signup.php" server="kristabice.com//public_html/DGM3760/" local="131549155559934041" remote="131549191200000000" Dst="1" />
<file name="logout.php" server="kristabice.com//public_html/DGM3760/" local="131549156942378645" remote="131549193000000000" Dst="1" />
<file name="view.php" server="kristabice.com//public_html/DGM3760/" local="131549383745654466" remote="131524259400000000" Dst="1" />
<file name="process.php" server="kristabice.com//public_html/DGM3760/" local="131549389542212953" remote="131549425200000000" Dst="1" />
<file name="protect.php" server="kristabice.com//public_html/DGM3760/" local="131549439532408082" remote="131549475600000000" Dst="1" />
</dwsync>