<?xml version="1.0" encoding="utf-8" ?>
<dwsync>
<file name="missing.jpg" server="kristabice.com//public_html/DGM3760/" local="131548169923864574" remote="131548209600000000" Dst="1" />
<file name="HarveyMontgomery1510347468.jpg" server="kristabice.com//public_html/DGM3760/" local="131548246200000000" remote="131548246200000000" Dst="1" />
<file name="RooseveltTownsend1510346818.jpg" server="kristabice.com//public_html/DGM3760/" local="131548239600000000" remote="131548239600000000" Dst="1" />
<file name="1510346741.jpg" server="kristabice.com//public_html/DGM3760/" local="131549383636375001" remote="131548239000000000" Dst="1" />
<file name="CeceliaBrooks1510347074.jpg" server="kristabice.com//public_html/DGM3760/" local="131549383639682584" remote="131548242600000000" Dst="1" />
<file name="AlanHolland1510347409.jpg" server="kristabice.com//public_html/DGM3760/" local="131549383642134723" remote="131548245600000000" Dst="1" />
<file name="BarbaraMendoza1510347439.jpg" server="kristabice.com//public_html/DGM3760/" local="131549383643071479" remote="131548246200000000" Dst="1" />
<file name="DarrenHale1510346972.jpg" server="kristabice.com//public_html/DGM3760/" local="131549383643540538" remote="131548241400000000" Dst="1" />
<file name="Benny Gonzalez1510347316.jpg" server="kristabice.com//public_html/DGM3760/" local="131549383656975578" remote="131548245000000000" Dst="1" />
<file name="Gary Smith1510346847.jpg" server="kristabice.com//public_html/DGM3760/" local="131549383659722684" remote="131548240200000000" Dst="1" />
<file name="Gertrude Pratt1510347121.jpg" server="kristabice.com//public_html/DGM3760/" local="131549383660660608" remote="131548243200000000" Dst="1" />
<file name="GradySpencer1510347029.jpg" server="kristabice.com//public_html/DGM3760/" local="131549383660973130" remote="131548242000000000" Dst="1" />
<file name="IrisBriggs1510347173.jpg" server="kristabice.com//public_html/DGM3760/" local="131549383661910580" remote="131548243200000000" Dst="1" />
<file name="LanaHayes1510346904.jpg" server="kristabice.com//public_html/DGM3760/" local="131549383663941449" remote="131548240800000000" Dst="1" />
<file name="LulaCastro1510347280.jpg" server="kristabice.com//public_html/DGM3760/" local="131549383664254167" remote="131548244400000000" Dst="1" />
<file name="Mandy Long1510347001.jpg" server="kristabice.com//public_html/DGM3760/" local="131549383665035123" remote="131548242000000000" Dst="1" />
<file name="RamonaGraham1510346879.jpg" server="kristabice.com//public_html/DGM3760/" local="131549383666129442" remote="131548240200000000" Dst="1" />
<file name="RaulNichols1510347377.jpg" server="kristabice.com//public_html/DGM3760/" local="131549383667848478" remote="131548245600000000" Dst="1" />
<file name="SammyJames1510347246.jpg" server="kristabice.com//public_html/DGM3760/" local="131549383668160433" remote="131548244400000000" Dst="1" />
<file name="SilviaPerez1510347213.jpg" server="kristabice.com//public_html/DGM3760/" local="131549383669105500" remote="131548243800000000" Dst="1" />
<file name="Terence Lloyd1510346937.jpg" server="kristabice.com//public_html/DGM3760/" local="131549383670198729" remote="131548240800000000" Dst="1" />
</dwsync>